state,st_ratio,st_youth_total,all_youth_total
India,0.09956787545339106,53997723.0,542320731
Andhra Pradesh,0.06742488088154079,1102942.0,16358086
Arunachal Pradesh,0.7313177983125754,465984.0,637184
Assam,0.13247890470857,1842590.0,13908554
Bihar,0.013115421504341349,844170.0,64364687
Chandigarh,0.0,0.0,407282
Chhattisgarh,0.32400283632308574,4191452.0,12936467
Delhi,0.0,0.0,7600346
Goa,0.15738070238395868,71047.0,451434
Gujarat,0.17807571660138097,4664669.0,26194863
Haryana,0.0,0.0,11167933
Himachal Pradesh,0.06145241447858859,148383.0,2414600
Jharkhand,0.28170774396590165,4750496.0,16863207
Karnataka,0.08209213416866275,1830578.0,22299067
Kerala,0.017247339403329322,189145.0,10966619
Ladakh,1.4107998886609416,136849.0,97001
Lakshadweep,1.3194007549543882,33555.0,25432
Madhya Pradesh,0.24369346785348822,9478165.0,38893800
Maharashtra,0.11786241053919515,5063058.0,42957360
Manipur,0.49130872468073006,544176.0,1107605
Meghalaya,0.8849689090877063,1255970.0,1419225
Mizoram,0.9557538824092571,415298.0,434524
Nagaland,0.8873173960319587,788291.0,888398
Odisha,0.27464499707427475,4690337.0,17077817
Puducherry,0.0,0.0,409295
Punjab,0.0,0.0,9911117
Rajasthan,0.1554612563753873,5372628.0,34559273
Sikkim,0.3526115660675196,80863.0,229326
Tamil Nadu,0.01449560014684723,332186.0,22916333
Telangana,0.12072617848017284,1494123.0,12376131
Tripura,0.37838932320527796,493358.0,1303837
Uttar Pradesh,0.006145775500476377,668901.0,108839153
Uttarakhand,0.030376118079711505,123890.0,4078533
West Bengal,0.06474540043785026,2123429.0,32796600
